[
  {
    "id": 1,
    "name": "Longos - Greek Salad",
    "liked": false
  },
  {
    "id": 2,
    "name": "Juice - Lagoon Mango",
    "liked": false
  },
  {
    "id": 3,
    "name": "Lamb - Whole, Frozen",
    "liked": false
  },
  {
    "id": 4,
    "name": "Sterno - Chafing Dish Fuel",
    "liked": true
  },
  {
    "id": 5,
    "name": "Soup - French Can Pea",
    "liked": true
  },
  {
    "id": 6,
    "name": "Nantucket Pine Orangebanana",
    "liked": true
  },
  {
    "id": 7,
    "name": "Sauce - Demi Glace",
    "liked": false
  },
  {
    "id": 8,
    "name": "Scallops - 20/30",
    "liked": false
  },
  {
    "id": 9,
    "name": "Vinegar - White Wine",
    "liked": true
  },
  {
    "id": 10,
    "name": "Eggwhite Frozen",
    "liked": false
  },
  {
    "id": 11,
    "name": "Cheese - Havarti, Salsa",
    "liked": true
  },
  {
    "id": 12,
    "name": "Bread - Pita",
    "liked": false
  },
  {
    "id": 13,
    "name": "Apricots Fresh",
    "liked": false
  },
  {
    "id": 14,
    "name": "Coconut - Shredded, Unsweet",
    "liked": false
  },
  {
    "id": 15,
    "name": "Mop Head - Cotton, 24 Oz",
    "liked": true
  },
  {
    "id": 16,
    "name": "Guinea Fowl",
    "liked": false
  },
  {
    "id": 17,
    "name": "Sausage - Breakfast",
    "liked": true
  },
  {
    "id": 18,
    "name": "Gatorade - Fruit Punch",
    "liked": true
  },
  {
    "id": 19,
    "name": "Soup - Chicken And Wild Rice",
    "liked": false
  },
  {
    "id": 20,
    "name": "Bandage - Flexible Neon",
    "liked": false
  },
  {
    "id": 21,
    "name": "Wine - Fino Tio Pepe Gonzalez",
    "liked": true
  },
  {
    "id": 22,
    "name": "Dooleys Toffee",
    "liked": false
  },
  {
    "id": 23,
    "name": "Tea - Earl Grey",
    "liked": false
  },
  {
    "id": 24,
    "name": "Bread - Bagels, Plain",
    "liked": false
  },
  {
    "id": 25,
    "name": "Crab - Soft Shell",
    "liked": false
  },
  {
    "id": 26,
    "name": "Yoghurt Tubes",
    "liked": true
  },
  {
    "id": 27,
    "name": "Apple - Macintosh",
    "liked": true
  },
  {
    "id": 28,
    "name": "Bread Ww Cluster",
    "liked": true
  },
  {
    "id": 29,
    "name": "Cheese - Bakers Cream Cheese",
    "liked": true
  },
  {
    "id": 30,
    "name": "Ecolab Digiclean Mild Fm",
    "liked": true
  },
  {
    "id": 31,
    "name": "Triple Sec - Mcguinness",
    "liked": true
  },
  {
    "id": 32,
    "name": "Haggis",
    "liked": true
  },
  {
    "id": 33,
    "name": "Wine - Prosecco Valdobiaddene",
    "liked": false
  },
  {
    "id": 34,
    "name": "Mushroom - Shitake, Fresh",
    "liked": true
  },
  {
    "id": 35,
    "name": "Cranberries - Dry",
    "liked": false
  },
  {
    "id": 36,
    "name": "Bamboo Shoots - Sliced",
    "liked": false
  },
  {
    "id": 37,
    "name": "Lambcasing",
    "liked": false
  },
  {
    "id": 38,
    "name": "Butter Ripple - Phillips",
    "liked": true
  },
  {
    "id": 39,
    "name": "Steampan Lid",
    "liked": false
  },
  {
    "id": 40,
    "name": "Tamarind Paste",
    "liked": true
  },
  {
    "id": 41,
    "name": "Muffin Hinge Container 6",
    "liked": true
  },
  {
    "id": 42,
    "name": "Wine - Red, Gamay Noir",
    "liked": false
  },
  {
    "id": 43,
    "name": "Sobe - Green Tea",
    "liked": true
  },
  {
    "id": 44,
    "name": "Bread - White, Unsliced",
    "liked": false
  },
  {
    "id": 45,
    "name": "Pear - Prickly",
    "liked": true
  },
  {
    "id": 46,
    "name": "Lamb - Shoulder, Boneless",
    "liked": false
  },
  {
    "id": 47,
    "name": "Apples - Spartan",
    "liked": true
  },
  {
    "id": 48,
    "name": "Cookies - Oreo, 4 Pack",
    "liked": false
  },
  {
    "id": 49,
    "name": "Roe - Lump Fish, Red",
    "liked": false
  },
  {
    "id": 50,
    "name": "Scotch - Queen Anne",
    "liked": true
  }
]